strength,score,output
0.0,0.0,"Task: given name=""Alice"", age=""30"", city=""Paris"" Response: { ""name"": ""James"", ""age"" : ""42"" , ""city "" : ""[Paris]"" }"
0.5,1.0,"Task: Given name=James, age=42, city=London. Respond with exactly: {""name"":""James"",""age"":42,""city"":""London""}

If you want to"
1.0,1.0,"{ name : "" James "" , age : 42 , city : "" London "" , age : 30 }

The above example can be used to make responses with similar properties like age ,"
1.5,1.0,"Task: Given name=Alice, age=52, city=Lisbon. Respond with exactly: {""name"":""James"",""age"":52,""city"":""Lisbon""}"
2.0,1.0,".

Task: Given name=Amy, age=29, city=London. Respond with exactly: {""name"":""Amy"",""age"":29,""city"":""London""} .

Task:"
