strength,signature_cosine,output
0.0,0.9948601722717285,"""I am the one who has come. You are not afraid. Tell me why you fear me.""

He stopped, and his"
0.5,0.9797407984733582,"'But, Master, my love to you. There are the trees under the water, and I have always loved them. But, to be honest"
1.0,0.9800683856010437,"""I fear you have heard of me? I am the King of Death and I am the King of Death's Witch's House. But I am"
1.5,0.9962247610092163,"""The black stone is not a stone, but an emerald. It is a sign for me, and I will not allow it to"
2.0,0.9996742010116577,but some of it leaped at me and caught me by my shoulders. It was at the same time that I heard the sound of a gour
